{"Hertha Berlin": 1403.5218924673395, "Bochum": 1342.3427572517612, "FC Cologne": 1418.347641634141, "Bayer Leverkusen": 1713.0171905793902, "Eintracht Frankfurt": 1586.2222185253397, "Werder Bremen": 1461.439493303227, "Borussia Dortmund": 1710.6402182536697, "Mainz 05": 1516.9810787846066, "Borussia M.Gladbach": 1447.3867204336764, "Wolfsburg": 1421.8365135094111, "Hoffenheim": 1554.8163750262925, "FC Heidenheim": 1352.706935323582, "Bayern Munich": 1865.7486409830549, "Augsburg": 1447.7827578744211, "St. Pauli": 1396.89146285632, "Darmstadt": 1347.6846686509405, "Union Berlin": 1408.6201271230398, "Schalke 04": 1412.6894818430849, "RasenBallsport Leipzig": 1664.4288086756424, "VfB Stuttgart": 1649.113745031191, "Hamburger SV": 1456.7067996851802, "Freiburg": 1515.4362095904312, "Holstein Kiel": 1405.6382625942576}