{"Fulham": 1511.7837839055705, "Liverpool": 1704.4236531653478, "Everton": 1532.0081251522668, "Luton": 1389.354721826308, "Aston Villa": 1603.8396060880539, "Nottingham Forest": 1488.4529523654223, "Sheffield United": 1321.3037376371312, "Southampton": 1243.9907376146505, "West Ham": 1440.0744951515564, "Leeds": 1435.979238590996, "Manchester United": 1581.7807413720188, "Ipswich": 1366.1440325521442, "Manchester City": 1784.4234343164749, "Brighton": 1590.5758631596352, "Sunderland": 1498.9371398933902, "Newcastle United": 1562.299672845105, "Brentford": 1546.535949405781, "Crystal Palace": 1530.4773344775263, "Leicester": 1328.977475637694, "Chelsea": 1579.4597432311539, "Wolverhampton Wanderers": 1354.7402313077187, "Arsenal": 1788.5527497581052, "Bournemouth": 1555.9071338338833, "Burnley": 1316.6139711256412, "Tottenham": 1443.3634755864257}