{"Sevilla": 1447.4308282070965, "Mallorca": 1472.1007367104285, "Granada": 1369.6880893837192, "Espanyol": 1442.3294617985264, "Osasuna": 1506.9905617071665, "Getafe": 1488.9582983092155, "Almeria": 1352.8964779012617, "Cadiz": 1385.402202425471, "Villarreal": 1655.8013707959553, "Real Valladolid": 1291.131688059146, "Barcelona": 1834.534151330856, "Real Oviedo": 1439.1417264295042, "Atletico Madrid": 1682.8464407305646, "Real Betis": 1598.1799667487808, "Elche": 1418.958063656017, "Athletic Club": 1570.604587127895, "Alaves": 1439.9261604473545, "Celta Vigo": 1517.7654693752104, "Rayo Vallecano": 1455.7093183827956, "Leganes": 1460.9238527212394, "Valencia": 1485.8876046488147, "Las Palmas": 1395.7282203958453, "Girona": 1495.3788921306714, "Real Madrid": 1794.6928831722323, "Levante": 1462.803551467372, "Real Sociedad": 1534.1893959368595}