{"Lyon": 1636.4207717440643, "Lorient": 1488.5002241814786, "Angers": 1391.423918524267, "Lens": 1647.203878836769, "Toulouse": 1514.375534554511, "Troyes": 1358.8581211600356, "Auxerre": 1431.0379496085252, "Strasbourg": 1565.2757513619474, "Montpellier": 1335.7930490552878, "Saint-Etienne": 1432.6842609844855, "Paris FC": 1506.3623495956545, "Lille": 1648.8044741933622, "Reims": 1439.7959769845177, "Marseille": 1633.0154806666778, "Ajaccio": 1351.840488039665, "Brest": 1523.8950983658933, "Nantes": 1359.760131701046, "Metz": 1348.0831062537584, "Clermont Foot": 1403.8719269218343, "Nice": 1509.5541256515226, "Le Havre": 1412.0100749076416, "Rennes": 1607.3986893825704, "Monaco": 1631.5970081307548, "Paris Saint Germain": 1822.4376091937304}