{"Monza": 1344.5298709805022, "Atalanta": 1689.085314970752, "Frosinone": 1430.2130889045602, "Napoli": 1705.4043251132255, "Sassuolo": 1454.9572040469434, "Bologna": 1573.257501188009, "Genoa": 1494.315958647352, "Como": 1626.4280455622852, "Venezia": 1419.0966706894576, "Roma": 1642.3703739216082, "Cagliari": 1408.5085947138684, "Juventus": 1717.9103814944503, "Sampdoria": 1339.1014336621522, "Verona": 1321.6380564897293, "Pisa": 1401.1947536365024, "Udinese": 1479.9097349182036, "Parma Calcio 1913": 1439.6372276227958, "Lazio": 1606.900921925725, "Fiorentina": 1553.8191472438125, "Torino": 1490.53828208492, "Spezia": 1395.72728417184, "Lecce": 1370.6391792959869, "Empoli": 1389.5164008946374, "Cremonese": 1381.096629017817, "Salernitana": 1315.5053358773241, "Inter": 1824.658817226239, "AC Milan": 1684.0394656993012}